Northing,Easting,Zone,Elevation M,
5262276.723076179,514159.12603955145,11T,670.161315918,
5262213.302605985,514109.67064054357,11T,672.817687988,
5262299.93575199,514251.5569944183,11T,667.917480469,
5262312.149485722,514327.70393302414,11T,659.625427246,
