Northing,Easting,Zone,Elevation Ft,
5262276.723076179,514159.12603955145,11T,2198.6919813582676,
5262213.302605985,514109.67064054357,11T,2207.407112821522,
5262299.93575199,514251.5569944183,11T,2191.3303164993436,
5262312.149485722,514327.70393302414,11T,2164.125417473753,
