Location,Design,Elevation (ft)
P1,Existing,2198.6919813582676
P2,Existing,2207.407112821522
P3,Existing,2191.3303164993436
P4,Existing,2164.125417473753
