Location,Component,Type,Northing,Easting,Zone,Elevation Ft,
P1,Anchor,Rock Wedge,5262276.723076179,514159.12603955145,11T,2198.6919813582676,
P1,WEP,Other,5262213.302605985,514109.67064054357,11T,2207.407112821522,
P2,Anchor,"10"" - 10"" Double Helix (Class 4) 1 1/4"" Rod",5262299.93575199,514251.5569944183,11T,2191.3303164993436,
P2,WEP,Building,5262312.149485722,514327.70393302414,11T,2164.125417473753,
